30620522773	2026-07-31
30615825102	2026-07-31
30610635101	2026-07-31
30576126568	2026-07-30
30572245953	2026-07-30
30556924852	2026-07-30
30554478612	2026-07-30
30548050156	2026-07-30
30546539305	2026-07-30
30545722878	2026-07-30
30545722208	2026-07-30
30541281857	2026-07-30
30537528186	2026-07-30
30537528216	2026-07-30
30533885051	2026-07-30
30528953233	2026-07-30
30528828688	2026-07-30
30528828704	2026-07-30
30524402467	2026-07-30
30517191245	2026-07-30
30517191225	2026-07-30
30517154117	2026-07-30
30517154147	2026-07-30
30498867895	2026-07-29
30497199259	2026-07-29
30496648090	2026-07-29
30496648003	2026-07-29
30496598922	2026-07-29
30496599037	2026-07-29
30471103993	2026-07-29
30471103302	2026-07-29
30471019011	2026-07-29
30471019344	2026-07-29
30439209317	2026-07-29
30439029423	2026-07-29
30436556519	2026-07-29
30436461518	2026-07-29
30431111187	2026-07-29
30409429442	2026-07-28
30409357019	2026-07-28
30389341430	2026-07-28
30389129629	2026-07-28
30389129632	2026-07-28
30388974160	2026-07-28
30388748431	2026-07-28
30388657923	2026-07-28
30383592550	2026-07-28
30375368403	2026-07-28
30372037012	2026-07-28
30371965056	2026-07-28
30364559979	2026-07-28
30363217250	2026-07-28
30361506069	2026-07-28
30361444064	2026-07-28
30357396699	2026-07-28
30353307130	2026-07-28
30353270551	2026-07-28
30352615993	2026-07-28
30352616094	2026-07-28
30352552676	2026-07-28
30352491718	2026-07-28
30345358452	2026-07-28
30345358399	2026-07-28
30345286749	2026-07-28
30345221399	2026-07-28
30345136674	2026-07-28
30339124886	2026-07-28
30339019402	2026-07-28
